{
  "minecraft:recipes/decorations/crafting_table": {
    "criteria": {
      "unlock_right_away": "2024-06-24 19:13:36 +0200"
    },
    "done": true
  },
  "minecraft:adventure/adventuring_time": {
    "criteria": {
      "minecraft:birch_forest": "2024-06-24 19:33:14 +0200",
      "minecraft:dark_forest": "2024-06-24 19:26:24 +0200",
      "minecraft:river": "2024-06-24 19:21:03 +0200",
      "minecraft:desert": "2024-06-24 19:13:37 +0200",
      "minecraft:jungle": "2024-06-24 19:26:59 +0200"
    },
    "done": false
  },
  "DataVersion": 3465
}