{"stats":{"minecraft:used":{"minecraft:oak_sign":4,"minecraft:chest":1,"minecraft:writable_book":1,"minecraft:written_book":4,"minecraft:command_block":4,"minecraft:barrel":2},"minecraft:custom":{"minecraft:jump":12,"minecraft:time_since_rest":186,"minecraft:leave_game":1,"minecraft:deaths":2,"minecraft:sprint_one_cm":2317,"minecraft:play_time":23867,"minecraft:walk_one_cm":1202,"minecraft:time_since_death":163,"minecraft:sneak_time":1,"minecraft:total_world_time":25292,"minecraft:fly_one_cm":12982,"minecraft:open_barrel":13}},"DataVersion":3465}